713190797,Mrsaidia,ğŸ’ Mr Saidia | Azcoinvest,
806954250,znfeau,â€˜,
1008350423,D3C0dE265,Anh HoÃ ng,
5773371501,Fatiha0,Hajar,Fatiha
1584605144,kane_nguyen369,Kane | Lower To Be Higher,
1604247826,Duyphan0102,Duy - Cá»• Ä‘Ã´ng sá»‘ 1 ID,
908581313,antyou18,fed.bnb,
782851132,reallovedx,Reallove,
2110518660,Capoo_Cat,Capoo,RL
1746548052,CptYang1104,Cpt,Yang On DutyğŸŒ¸ğŸŒ¸I love Zksync 4ever I
1171730473,hubertcryptoVN,Nhat,Nam
1369541679,richmanmikey,Mikey,
1573275539,pancake_vn_bot,Crypto Bot ğŸ¤–,
841348073,tviet9,Tháº¿,Viá»‡t
895436794,DOZeiii2k,DOZeiii,
1642254786,Hoang99994,ğŸ”®AMeo,
554755784,nguyenben,Fall in love |,
1181888470,hoangtrinh92,Trinh,HoÃ ng
826930275,Shinosuke1107,Shinosuke,
1388530977,cuongdeptraico102,Cuongfw,
5033740606,Anhphi26,Anh,Phi
5457577145,ProficyPriceBot,Proficy Price Bot,
2003121052,FSVVU,â¤ï¸ğŸ‡»ğŸ‡³xuanvufsv,ğŸ’»ğŸ“š
5303853582,Djing04,D,Jing| ID=5$ - Ä‘i táº©m quáº¥t
5221017888,DUONG020999,DÆ°Æ¡ng,nhÃ  nghÃ¨o
609517172,MissRose_bot,Rose,
6158440621,,,
5028439789,WUKIND,Wu,Kind
992199346,minhbkdt10,Nguyen,Duy Minh
1286325360,qhieu501,QHieu | SpecialB,
1305321362,quantv995,TÃ­n,Tráº§n
5426496846,Riceguy369,Rice,Guy
1489523622,Ryubasara,Ryu,Basara
5470472037,nhanquatoimuon,ğŸ’¿KietLAğŸ“€,
713106137,MikeNguyen967,King of Fomo | Revel Lab,
1355275045,Dghbhoa,Fan Jac,29 Year
1399199957,layer_1223,Kayler,P
851001351,Huypham9896,Huy Pháº¡m,
323276535,huynguyen88,The,Seeker
6090717001,,Amani,Karim
1473970481,vannguyen093,aroparker.bnb,
407623934,Okconde,Marcus Won,
5873948419,,Inaya,Bilal
6047216907,,Zahra,Amir
1998937774,DFoursm,F 0 U R |,
5031875604,Quangle24,Quang LÃª,
382343702,thethuan09,Up,Chen
1043445130,Cryzagang,Cryza,| AANC
1130426166,TuPTC,ThanhTu | VNP |,
875176301,nhutho99,Zan,
5478978483,cas_eth,Cas.eth,
1039800911,minhchien2910,Minh Chiáº¿n,
5211806875,trungtinhmedia,ğ‘­ğ’“ğ’‚ğ’ğ’Œğ’Šğ’†,
1231052333,Ytroi122,BÃ­u,..
5315170005,luanpro1,miner79.bnb,
1186120997,anhthien69,Tarn,Jhin
6194089064,HelloWorld0311,LÃ¢u,Pháº¡m
1602437030,mrbuzzz,Buzz,
1684939204,NightFurryAres,Night,FURRRY
1989478622,longnhong9,Long,Ka
5488536170,Yugaclub,Shiki,CMC
222652389,thucungcuatoi,Williams VÃµ,
6042804218,,æ¤‹ï¿½æ¶”ï¿½ç€¹ï¿½,
210944655,combot,Combot,
1286488116,Canhngo12,Tá»§n tÄ©n,
302625493,lahuutuan,La Huu,Tuan
1659789321,duvong,duvong,
5053391998,Hoanglamhn,Hoanglam,
1071661111,MrTomm,Mr,TÃ´mm
5177385317,hoangnam061098,HoÃ ng,Nam
1910438122,huyenbang968,huyen,bang
6105709755,sofiapena001,Fajr alsaghiriğŸŒ™,
6114671822,,Zara,
1974644272,nvtrong15,Ã”tÃª,ğŸ§šğŸ¿
1272934514,vietnx14,Vietnx,
1946262435,thanhnam2812,Bá»‘c,BÃ¡t Há»
1735413643,banhveraca,BÃ¡nh váº½ Raca,
1829474702,edselngg,Edsel Ng,
2138956270,kisyden,Kaiz,Huynh
601127212,tiensnake,Tiáº¿n Snake,
1429881100,Kenh_ky_nang,Tháº¯ng79,
1311721367,a_anh111,anhanh,
1697782431,adamsmada,adams.arb,
1713149299,Lencyala,Lency,
6151323947,,,
6029606630,,Omar,Farah
6004054324,,Zara,Malik
5744588372,cuongfujipham,CÆ°Æ¡Ì€ng.Base,
5609165765,,2A,2
1338889411,trieutuyendv,Tt,Luong
1924502691,tuannguyen009,Tuáº¥n,Nguyá»…n
731028587,nambeo95,4ever love ê§à¼ºChÃº DÃª Xanhâ€¢à¿,
6115288203,reyllen231,Nadia Mahmoudi,
6184383328,UteKappel,Ute Kappel,
1880296879,huyppy,PPY | $OKB,
1819731365,Talatraihu92,Ta lÃ  trai hÆ°,
1835349927,Mixaogion112,MÃ¬ XÃ o GiÃ²n,
5503760280,mmh0110,mhuong,
2092544667,ThanhNguyenHoang,Thanh,
6078779704,,Hadiyyah,Asfar
6263158911,,Amadee,Aabid
1708806397,whalenista,x1000 soon,
1049835288,haixinchao,HiI'mHai,
1203586272,minhdang15,Tuáº¥n tuáº¥n,
1093285907,Kuro6666,Dr. Akaisaki,
1762679391,Nam16102,Nam,
5924685955,hayah80,Hayah,Ghaazee
629172463,Anhoang412,An,Nguyen
854691743,anhdang2611,Ted,
1011944446,Mrabnb,Mra.bnb,
1605781109,augustcal,SouthGanZ ğŸ‘¾,
5524284948,vu_hung_90,VÅ© HÃ¹ng |,CYBER x100
6200982960,eshal09,Eshal,Barek
1118447604,huytien1987,Chicken,- Coin
815919936,drewphoenix,De Drewz,
2113884490,Pth1407,Peterr,
5940772253,,Qindeel,Wahb
5865701901,ozlemabaayrak235,Fatima WardakğŸŒ™ğŸŒ™,
1878232490,CryptoZezo,ZezoğŸ…¥,
1618902953,EasyMinnnn,Lá»™c,Äá»—
6086452700,plincute,PhÆ°Æ¡ng,Linh
838824794,fapdare,ê§à¼º Lá»†á‘Há»“ Xuá‘Gâ€¢à¿,
6114164523,,Maisarah,Fawaz
5178712256,DucNhan96,Tsunaz,
6102006740,Trannkun,Duc,Kun
5425687004,BlueBirdAIBOT,Handa,
1695544894,jamemayor,Jame Mayor,
1753158888,lletridung,Le,Tri Dung | Madness | APT", ARB", ID lover
1036926705,phuongahh,Phuong,Ah
1748678793,Liverpool2010,Pinion,
1656442758,Minhquan2807,SÆ°á»n BÃ¬ Cháº£,
929965874,Zodian_IX,Zodian | MT,
5038696628,thichxiendev,Kusan,
6201175887,,,
6186488405,,,
5803863229,,é™å¾…èŠ±å¼€,
1939695146,amenzai1995,thgiL,in the Heavens
1114199280,ThanhLouis99199,ThÃ nh,Louis
6293263957,Asmaakyldzgzde,Asma arhamğŸŒ™,
6004241440,,,
6292530164,,yachts,
1681132064,tabgnuh,Meme with 26.9 usdt,
5837331494,Bitterbush_Hachment,Dreama,Bates
6219242723,lewis_ngyn,Lewis,Nguyen
5096174161,,Anya,Bhatt
5566206537,,Haba,Daghari
6164554015,,,
1833479826,ArseneLupinII,ArsÃ¨ne Lupin II | Zero To EuroğŸ’¶ğŸ’¶ğŸ’¶,
1458419283,DangDam1,Dang,Nguyen
5183022115,cuchuoixanh9,Henry,Sarah
1863687858,khailuan189,Khai,LuÃ¢n
5605842175,cryptoocute,Do,Tuan Minh
1704366295,thinhblockchain,Hoinh,
814836698,AirdropFree6789,Thanh Háº£i,
5071891050,youmetnetillo,Yasmin ğŸŒ»â¤ï¸,
5772941787,siuuuuuu,D,P
5049626266,Shinji_CryptoCenturies,Shinji | Crypto Centuries,
886243926,mxcpro,OğŸ’¤,
5955776329,Bsmhhijabilover,Bsmh waahidâ£ï¸,
6159401667,,,
6037845276,,Aadila,Aahil
1075617664,zxc2244,HDG,
936419294,tunghoangzz,Tung,Hoang
1689657327,hungtk1235,HTKmoi,
1132174770,phucnguyen102,Phuc,Nguyen
5302846839,IreneSoSad,Irene,
846728456,mahongphat,Há»“ng PhÃ¡t || ğŸ¦œParrotğŸ¦œ,
2013063166,onlymoon0,Moon ğŸŒ™ | Sou,
5877543099,Hydronegative_sextur,Buddy,Sharpe
1989506740,stana312,Stana Nguyen,| YCC
6244283594,Linh91,yue,nan
6232974796,amBESv,Noel,Middleton
1375547349,Luuna96,Joint,Weak Ù…Ø±Ø­Ø¨Ù‹Ø§!
854695798,Duongtrannn,NhÆ°Ì£t TrÃ¢Ì€n,
840275668,nguyenthuan190,Thuáº­n,Nguyá»…n
5205649982,bachtran1,Tran,Bach
443923973,Longhandsome,CÃ¡n Bá»™ chÆ¡i coin,
6292020731,,Huy,HoÃ ng
6270365705,,Nhung,Há»“ng
6285911910,,Trang,LÃª
6026589932,,DÆ°Æ¡ng,Lan
6291909821,,HÃ¹ng,Nguyá»…n
5685688197,,Thu,Minh
6029567952,,Nam,Nguyá»…n
6157399612,FatimaSFf,Fatima,Ahmed
6201064927,,Thá»‹nh,Nguyá»…n
6219623064,,,
1897328831,tohua1508,TÃ´,Há»©a
954339825,Matchiata,ğŸ…œğŸ…ğŸ…£ğŸ…’ğŸ…—ğŸ…˜ğŸ…ğŸ…£ğŸ…,
1717059318,banght,Bang,
1111553519,mama259,Mih Hhy,
801266443,hoahuongduong1983,Hoa,HÆ°á»›ng DÆ°Æ¡ng
1026877482,Langtuphieudu,Mr,Tiáº¿n
6294059940,,,
5197050483,anh1119,Ãnh,
5619815483,tasumane,hihi,
961683339,yeumeocon,Yáº¿n DÆ°Æ¡ng,
6072722375,,,
6288394008,,,
1855474580,akashagarbha,William,
1263192837,dinhducgttn4,Triá»ƒn chill,
717709189,thmngoc,Tran,thmngoc
1915901991,themidnov1,Ken,Kaneki
5568340684,chimtobaco,Mr,Mojito
5002395762,thiennguyen221,Nguyá»…n,thiÃªn
605049948,Tuanken8977,KEN,
1753166008,Jacky0899,hihig3,
963052856,bico10u,Trader 9 ngÃ³n rÆ°á»¡i,
5776327014,hebaamr_offici,aleena,AizağŸŒ¹ğŸ’
819645619,namtrai123,Thanh,Nam
1667211372,nguyendark,XÃ´iii,
2063472962,Long101192,DÃ¢u,TÃ¢y
1482836398,Runtoyou99,Future,is not Long or Short
6167812150,,,
5808458317,,,
764378039,NTV_Fish,N T V | Fish,
6055783795,,,
5919097560,,,
6019561502,,,
1793717888,supboman,VÅ© :,Fast shit dusk
984442824,NTP_9,NTP | ğ“…ƒ,
2093512172,kimdungvn,Dung,KIM
1203686745,duylong888,duy,long
5095751807,thai_dotrong,Do,Trong Thai | GreenShark Crypto
1160575754,nhatnam2023,Nam,Nháº¥t
1734948552,Liang79,Liang79.eth,
6259283747,,,
6227378084,,,
6020299094,,,
6244587722,,Jeong,Yu
5432617590,OngHoangcrypto,Nicolas,Tesla
6219572236,,,
1610747155,Shinji_Duck,Shinji|Má»¥c TiÃªu Thi Quá»¹ Trade,
1960431516,,Long,Nguyen
5345596980,iaYcPO,SumayyahğŸ¦„ @SaifulIzwan,
5615708398,,,
6295416032,,,
5949319946,,,
846726314,nguyenviethung000,Nguyen,Hung
2042031422,bunwaejeu,Lien,Nguyen
5802261403,,,
1808130996,nguyenngocair,Nguyen,Ngoc
5259120185,haitrantff,MrBanana,
6245961740,,Sara,Malik
6010739819,,,
1703682991,donguyen105,Do,Nguyen
5344615931,NPT3979,Mafia.bab | Viá»‡t Nam ğŸ‡»ğŸ‡³,
401428105,Balmon888,ğŸ¥³ Balmon.bnb ğŸ¥³,
1671232462,thainguyen299,Thai,Nguyen
914609659,killzz1998,Äu Äá»‰nh,
1679896733,hoanganh18feb,HoÃ ng Anh,
1682873919,vutheson1611,vutheson,
1984389210,nhkn95,NHKN,
5987871371,,,
5863446021,,Fabienne Peukert,
6104003595,,,
5274735845,baovn7171,Tu,Du
1746256638,Jas0ncn,Jason,
6285851677,,,
1416505554,TanNguyen288,Ratatarabbit,
1772031597,VictorHD2009,VictorHD,
1972465603,ngovant1996,Ngo,Van
1962463408,Jury73,Jury Huá»³nh,
1599401770,Canhhappy,William,Huynh
926931647,dungbio,matic,
1700459578,HNguyen00,Nick | IMC,
5048892445,HarveyRaca,Quant,
5990882593,,,
6171750658,Shareen456,Shareen,Hussein
1103788864,boden94,Bá» HÃªn-KhÃ´ng pháº£i lá»i khuyÃªn Ä‘áº§u tÆ°,
5053285713,Nhuyna,Nguyá»…n,NhÆ° Ã
1786909744,HLPHUONG,OMG LEE,
704763621,gaztusk,P,N
6261222144,medical_Armado,Jene,Stein
5426274500,,,
1470552298,Darkqng,An,Thu mua acc gl cp", má»Ÿ cp", whypay
5613281538,ThanhThao1113,Thanh,Tháº£o
1114664335,Moshixmatcha,0xMoshi | AVStar Capital ğŸ‡»ğŸ‡³,
6111492597,,,
5855349742,MaryBaraka,Maryam,Baraka
5242033240,shotonekill,shot,Onekill
1111698036,anhtrung12,HoÃ ng,Anh
5129354901,Lovetien,Quynh,Tien
438607130,tieptran,Tiep Tran,
1261965227,olwistos,TÃº,
1109681496,huutai9695,TÃ i,BÃ¹i
557861312,Quynhngo,BÃ© Quá»³nh,
6192534820,jutt450,Sohaib Jutt,
464179637,khanhnguyen3701,To da moon,
5943329495,MohammedRafi1980,Mohammed Rafi,
5629452743,,,
6218700549,NassifAzhar67,Nassif Azhar,
6172306123,,,
6206932967,,Wilma Payne,
5383801291,Gdrag0on,gdragoon,
1958113374,tranducthang888,Tráº§n Äá»©c Tháº¯ng,
727265374,adamtutran,Adam,Tu
1759227858,downychan,Downy,Chan $CMOON
1976261229,limmi97,Anh Trai Limm Mi,
2052162568,chieneto,Chien,eto
771047979,Bird49_Sam,PaGaLa2k5,
1343063046,danhnguyenn,CÃ´ng Danh | ...,
1595375130,Sun116,Sun | Äá»•i tÃªn rá»“i mÃ  váº«n ko khÃ¡ hÆ¡n Ä‘Æ°á»£c,
2136086347,thu_hoaihoang,Thu HoÃ ng,
6186083177,,,
5080707513,Tu_DT,mihtu7777.bnb,
1043922751,Sladinator,Sladinator,
5910291727,,Christian Katharine,
466989755,HoangPhucOTC,OTC,HoÃ ng PhÃºc
798721760,chinhnguyen2711,Thomas,Shelby
5867596587,ConsenSysVietNamSupports,NgÆ°á»i Má»Ÿ ÄÆ°á»ng,
354318668,ngohiep,Range,DHN
1659427105,PhinRnD,Fin,
6069755247,,Yolanda,
6021813116,Dimahpeaceuponfath,Dimah elsamhudiâœ¨ğŸ¥€,
5168619105,HeiDanishh,Mon Ori,Meow
764799307,Tuanlinh89,Linh,Black ğŸš€
1609111985,lyra1029,Long Äá»‰nh,
493619246,duykhanhit,Duy,KhÃ¡nh
6138038979,binish44,Binish,Azhar
6199217738,,,
1456236650,kynkensoo,KhÃ¡nh,HÃ¡n
5659352778,,,
1779856217,EwThorp,EW,Thorp
1782116224,CrushRoseBP,R.LGD,
1165501197,traitrieudo1,Anthony,
1739316123,alrightnhe,Ê™á´sá´›Êœá´‡Êœá´‡,
1155005680,Lemanh274,Mr Lee,
2084989411,tz1709,ImTz,
6262321423,,,
2004984090,CarroteNo,Tháº£o,Nguyá»…n Äá»©c Hiáº¿u
6249819778,vuongdangcrypto,Vuong,Dang
5068802805,vodanh68,Mr.T,
679419472,Hoangnl,x100 vá» bá»,
6116389861,,Jason,Gordon
6075670529,,Harding,Stanley
1045858391,lamngoc2020,Arthur,
1311764874,Winno25,Trung,
1535602759,shadowsolmin,MinSol,
1620380486,ngocson83,Ngocson,Pham
6065945511,atalaraleyna34,Saida AbdulğŸŒ™ğŸŒ™ğŸŒ™,
5509065309,,Lynhnger,
1703642124,wnccam2020,Ngá»c,ÄÆ°c
883587370,vancho4114,vancho,vancho
1696589747,koi20000,Koi.P,
783097272,nguyen2522,Nguynn,
5203287008,lntruong,TrÆ°á»ng,LÃª
709081798,xyzair047,meoli,lun
1371745623,cuti86,Super Man,
1813283270,colonsucodautroc,Hoang Quan,Nguyen
5513962430,hai111199,Tran,Hai
1635714603,JustonKirlin,MÃ¢y Nhá» |,Crypto for Charity ğŸ”¥
904848510,darkmoonvnn,D4rk,
1528627041,vanan2201,Food,Lier
6254325933,thchau569,Hoang,Chou
5355410470,ericpavard,ğŸ«§ Pavard ğŸ«§,
1747239716,Chaugiang123,Chau,Giang
1694569816,ngoccn,ãƒ‰ãƒ¼ãƒ»ãƒ‹ãƒ¤ãƒƒãƒˆãƒ»ãƒã‚¤,
1338606336,makervn,MKVN,
1875100780,Khanhlien,Khanh,Lien
5958774908,dinhan26,ÄÃ¬nh,An
1766861877,Khanhkutep,Solo,Levelinggg
2114720795,jqvce,JQ,
5191145566,Hoang999944,Truyá»n ThÃ¡i Y,
796127882,Acnjapan5,Chu,Vanvinh
1103455055,BossKhoa,{ Khoa } - HY,
1872312046,lucianphi,Phi,HoÃ ng
1301928410,thaotran2003,Tháº£o,Tráº§n
5491548565,,,
1417057071,Caobalanh,Caobalanh,
1085742465,cuongdg,CÆ°á»ng$$$ğŸ”¥,
1158919225,mhatrung,H,T
6164303573,,,
1556579993,ht1501,ğŸ€,HT | Farmer PVU
1086130191,nftomega,Phoebe,
1725889610,Chungnguyen30,Chung,Nguyen |
5173200533,npth122,Háº£i | Alpha Leverage || YouSui,
6252001606,,Anh,ThÆ°
5751660068,,Ngá»c BÃ­ch,
5907318755,,Má»¹,Linh
5450694131,,N.T.T,
6027496870,,QuÃ¢n,Tráº§n
6263950493,,SÃ¡ngg,Quang
5611831830,,TÃ¹ng,LÃ¢m
6036376094,,LÃ¢m,Äáº·ng
6244027573,,DÆ°Æ¡ng,ThÃ nh
6202659626,,Mai HÆ°Æ¡ng,
5839638034,,Háº£i,Nam
6151138817,,Minh,Chu
6048348530,,VÅ©,Äá»—
6062335948,,DÆ°Æ¡ng,LÃ¢m
5655079417,,Trá»£ LÃ½ LUCY ZUBU,
6155271477,,HoÃ ng,Linh
392351161,trunghieu1102,Hieu,Le | Biáº¿t Ä‘á»§ thÆ°á»ng vui
891406477,binz0511,Thanh,Hoang
1261201845,Haihiho,Clone,Xuong | @+@
1272164444,tuan229,TMT,Mr
1197733753,annguyen1405,An,Nguyen
5314977678,nuvnd,Vu,DM No First
6148149007,,,
6115790586,,Háº¡,An
5523382049,,Tuáº¥n Ngá»c,
5312377474,,,
1397028094,wdrsoulz,Wandering,Soulz
435572918,CryptosnoosNfts,REDDIT,NFTS
1570768015,trongtue93,Tuá»‡,Nguyá»…n
475051653,jnphan,Jake,NP
987587868,tqviet96,ThiÃªnnnnn,Äáº¡o
5871620268,,Fatima,
1501787615,Truong777,TrÆ°á»ng,Nguyá»…n
824946995,Vucacaa,Quá»‘c VÅ©,
1447751911,Toanonus,ToÃ n NgÃ´,
2014144176,a02112017,Báº£oHÃ¢n,
5922949374,badluckbR,Bad Luck Brian,
5006180571,vuonghang1988,Vuong,Hang
1021301045,apple2506,Unicorn,ğŸ¦„ğŸ¦„ğŸ¦„
6211713400,,Aisha,Hassan
6099084768,,,
548011843,nguyenmy2411,My,Ng
1335679122,khanhlee1812,Khanh,Le
1504132532,AHAMADPRO,Jerome Zhao,
283266580,Generatornumberbot,ğŸ“Random numberğŸ“,
5651526530,ChatGPT_Vietnam_BOT,ChatGPT Vietnam BOT,
2080754888,iamsahn,Me,Me
1258555347,yenni96,Yáº¿n,Yáº¿n
1047881636,quocthaizz,Clownx.eth,
1558013724,hughieTh,Hung,Nguyen
1554189355,,Dat,Lam
801667741,minhgiang79,Tráº§n Minh Giang,
6013466638,nhatlinhzzz,Linh,Tráº§n
5905974646,,Hang,Wind
6060075562,asmatanana,Asma,Sultanana
1338296428,Trungrk,Le Quoc,Trung
6251505658,,Raameen,
6124904102,,Jean Tracy,
6172110609,fakeera1,Fakeera,Coman
6039566596,,jacob,
5780490409,,,
6001900686,,Nguyen,
6102771995,,,
484206984,anhquoc92,Anh Quoc GETH Sepolia SEI BNB,Testnet
871126076,KingKong6879,KingKong6879,
6094817690,babyloveboo,Hello,Baby
6019541203,,,
1932695156,HuyDuong12,Huy,Duong
5721464238,nv_phu,Nv PhÃº,
1296678072,Mercury1626,Mr T h u -GEM CAPITAL,
1646596602,ASDHU1,lvan,
5316114798,Lucky_tideeni,Chiáº¿n Tháº§n LUCKY,
1029824306,lenhattai,Äá»—,TÃº
5534667736,zskksz,Zsk,
903413960,lnlong199,Le,Long
210646580,henryduong,HÎNRY,
1539228181,duchuy6993,Winï¸ï¸ï¸ï¸ï¸,ï¸ï¸ï¸ï¸ï¸
1672214064,thieunguyenn,Thieunguyenn | RL Gamefi & Metaverse,
1552036461,Monster203,Monster,
1149588380,Binanceventures,Jiu | Há»“ng MÃ´n Há»™i ğŸ‡»ğŸ‡³,
1509230722,HST197,Ho Tri,
1092359339,quoctuan150399,Hades,
1494586501,,Há»“ng,KhÃ¡nh
6217593005,,,
1215692585,Vingroup1,Alice,
1140666005,Duytue56,Duy,Tue
808984501,Sugar_Tank,Sugar Tank ğŸ…¥,
1622361378,Anhlenhpro,MR,Command (A Lá»‡nh) | ğŸŒ•
351967486,huydai,huy,Dai
725325570,,Ha,
6002026010,EbZTLp,83,
2098536618,leminhtai280,Le,Tai
1695792931,thannhcuong,GÃ ,
1209605139,susu1101,SuSu,
5836141985,,Le,Norman
1636994422,,Jack,Brown
818477527,ERICWI93,EricWi,| GGWP CLAN #13 ğŸ¥¦ |
5569210513,huyhoanggggg,Huy,Hoang
6118419300,,,
6271692450,,,
6091106149,,,
1093587422,DINHMINH9999,DINHMINH,
5607599583,,,
5798965040,,,
6039981295,,,
6107594073,,,
5992869334,,,
6295276102,,,
6063322846,breaststrokerSundayism,Robert Davis,
6219731343,,,
6215445907,,,
1300098902,Lelouch30397,Nguyá»…n,Duy Nam
1246087892,dtmloc,Dang,Loc
274720489,vunqv92,VÅ©,Nguyá»…n
5046813074,quoccbaoo0501,Binance ná»£ em 100 cá»§ ğŸ‡»ğŸ‡³,
1749785328,phonng224,Phong,
1233809979,bioslg,M,
1798372012,hungmanh1,Máº¡nh,
606691748,Hades19852,Vo,Bao
1019526979,David_nft,DavidDG,
2142007242,khochanhphuc,the,
1781402750,adninjacalls,Escan,
5229250227,trytotry_20,DecemğŸª,
5043914782,Saundra31,Saundra,
647180613,nguyentinngo,NguyÃªn TÃ­n | The Corn Capital,
1223910908,phamquang262,Pháº¡m,Quang
5468408556,lolaferio,Lola,Fer
1934028096,hogan1995,Carl Figueroa,
1907756460,keller0892,Roman Cummings,
5524522286,Elainecole,Elainecode,
1941528370,zimmerman96,Guillermo Wheeler,
1938938899,castillo1994,Monique Mason,
947787798,chau569,CEO Chou,
1542350759,namevgo,VAN,GO
792506316,HD121089,N,H
1546095049,meomeoxd,White dragon horse,
1620475569,Mapham9z,Mai,Anh Pham
5159015357,BryanLe84,Bryan Le,
858098457,samsamsuke,Kaly Zom,
1656067799,CrocodileOP,Casau,
434379267,huybui,Huy Bui Mua BÃ¡n USDT,VET
6139510777,hermiiii1,Becca,
907772102,AnhNguyen989,Nguyen,Anh
1446433813,binhdev,BinhDev,
862560698,huyvu0401,Huy,
527571160,nxsuong,Suong,Nguyen
1739732227,MonNguyen6996,Mon,Nguyen
1942313636,Dai_Nghiep,ãƒ‰ã‚­ãƒ‰ã‚­ğŸ’“ğŸ’“ğŸ’“,Äáº¡i_Nghiá»‡p
5217430364,Caocaoka,Cao,Cao
331863190,canhnguyen,Canh,Nguyen
1059241427,monsterndt112,Dr.Dang,
1157213197,JackyX86,JackyX,
1490453672,ntuan_18,L.N.T,
1621421302,LouisToo,Louis TÃ´ |,
6155717424,fatimanohahamid,fatmh AleamudiğŸ¥€,
870812210,LuongThienDi,Thien Di,Luong
516761366,duongtung,Tung,Pro
6015995619,,,
5863089680,,,
1793077672,RealPercy,RealPercy,
354250979,Mrbate,Bate | icostudio.tech,
5886631339,,AltaÃ¯r Mawiyah,
6055208144,,yzsijtfchuiyijiao,setlla
1649248640,Huhiontop,HÃ­,Hu
5270433890,pt_2812,Pt,
1750086759,Moonmeolo,Moon,
1064387255,pvt123888,T12,E
939560778,huyhuynh12,Hy,
732769033,cyberwarriorcss,Ve,Nom
407448608,baobuum2512,Buum,
5279574478,LAMUTE,LAMUTE,
5806517145,,,
5864416865,,Loulia,Abu Hurayrah
6165847897,,,
1665473051,defimancmc,Scott Pham | The Corn Capital,
2041274763,Hansara28,Han,Sara
1023549547,ductien47,Jack,$ARBBB
5547304707,pzhkdznhpythd,Emon Ahmed,
1031782399,Fenton96vh,Slithering,#ApeSwap ğŸŒ
470174029,tran1h,Thuy,Tran
1934314718,Randy2211,Randy I RL GameFi & Metaverse,
484247938,mauxuanth,Jack Nguyen,
5777479550,mvhung,Hung,Mai
1676007232,shrakram,Tráº§n Háº£i SÆ¡n,
5387990279,leepayn,Leepayn,
460660414,ngfat886,Phat Nguyen,
5145644304,,,
1051873581,vktvkt,Jackson,
1117017778,anlemoney,An Lee,
602790597,kingpvt1998,âšœï¸Mr Tuâšœï¸,
1904819209,nnt312,Thá»‹nh Nguyá»…n,
2121375607,tap_930416,Tap16,( Tuáº¥n Anh Pháº¡m )
1702385498,HP_Boy,ğğ¡Ãº ğ‚ğğ“ğ“,
2144212788,tuyetanh9a,Anh,Tuyet
1903411102,anphucquach,Uncle Link,
6173153680,,,
5817143581,,,
6200151446,,,
6006439292,,,
1439916200,CZ_viet_nam,CZ ğŸ”¶ Viá»‡t Nam ğŸ‡»ğŸ‡³,
1452634829,khanghieu,KÊœá´€É´É¢HÉªá´‡á´œ.á´‡á´›Êœ Ä‘Ã£ rá»i khá»i nhÃ³m,
5814888782,taunaaaa2515,Tuan,
5806616106,trnhat98,TrÆ°Æ¡ng,Nháº­t
6126805289,,Zoya,Iqra
5909598349,,Blake Christiana,
5966509140,,,
6086616380,RaissaGonzles,Raissa,GonzÃ¡les
739575777,dinhcongnam877,Nam |,
894287507,kaisv7n,kaisv7n ğŸ¥,
889344126,Hamburger_BG,Hamburger_BG,
1427851498,zezzmone,zezzmone,
2122269324,Emma3820,Ngá»c,Diá»‡p (LP-er)
2070235185,Lancer_NTT,Lancer |,Journey to the moon|
6206437683,,,
462488069,thuc2412,DCA to /4 QT,
5948060811,,,
1708989240,hivtt,Winter,
6262765641,,,
547191037,richjoker,Rich Joker,
5681726128,,,
1616957788,hoangthan3010,Buyer.arb,
1185957165,vinhpmh,BusinessNV,
6268425935,,,
1641717462,suboy1008,Suprince,
6036874055,,,
5230867951,Trieu8x,Triá»‡u Tiger | Mystic Treasure,
5670235424,,Lieve Van Til,
6234448136,,Ulysses Bertha,
1128497276,Ocean185,Ocean,
6067764218,Meanwhile_septenate,Marilu,Nolan
6045530375,,,
1352569309,trankun,Fcthongggg,
1809334719,JayTran_01,Agent,
1608316203,,Chinh,Ta Anh
5854892739,qhieumh,Ssoney,
5812286687,,,
1533667502,tuanhdbp,Tuan,Anh
5209715980,phusdeptrai,Phusdeptrai,
1610043327,ducnguyen2598,Äá»©c Nguyá»…n,
1866483350,Zizi0801,Zi,Zi
682434079,PhuocLH2,LÃª HoÃ i PhÆ°á»›c,
1674075868,davidtran02,David,Tran
1170488703,duongtoko,LÃº,Sá»
5433700833,kelvin2912,T,Khang
2101275177,HangNgo1207,ThuÃ½,Háº±ng
1501812965,muoihvm,Muoi,Hoang I OT
2094612338,,Hieu,Phan
1015383586,thuantranqnu,Thuan Tran,
1288054685,RandyNguyen,Minh,Nguyen
5776117724,Thaon1990,Nguyen,Thao
5355106696,vihuynhdai,Vix,
1479754405,minhtri123,MinhTri123,
1029330068,Tuan_tran,Tuáº¥n,Tráº§n
1763828610,masterholder99,Dean,
2044590402,LocNguyen981,Dark791,
5971067024,NguyenLuong123,Nguyen,Luong
6213589982,GK_VENTURES,GK_,VENTURES
1391767199,ANHTHU_CrypTo68,ANH THÆ¯ _,CrypTo68
1807425698,stillken,Fan Jac Another,
843378484,hongocson12a1,Huáº¿,ThÆ¡ Má»™ng
852046470,leqdat,Dat,Le
5863237542,,,
5303852678,thienvu407800,VÅ©_Tiger,ThiÃªn
5616578233,,HoÃ ng,Tháº£o
5599225892,Chloe58899,Chloe,
424817398,thenahtaivel,TrungNguyen,(NEVER DM YOU FIRST)
5928008551,,,
5482339972,maifwng,Mai Fuowng,
969342711,Hoang2806,Moon,
1667730145,kevinlur,Kevin,
2068713249,,William,
6169546781,,Arwa,Karim
5777963791,,,
679446687,TopMKT,Top Mall,
498948164,MrBearVN,Mr Bear,
5830099008,,,
5457467299,,lam,khang
5588130646,,,
5754101129,Rabia036,Rabia Mohamed,
6198648366,rrs22a,Adora,
2034113756,oneal1234,Oneal,
1751016963,cuongdollar22,Nguyá»…n,Adubis
1784731637,ninhvk,Nâ™ï¸,
5613210035,nftcmo2,NFT,
1836330456,,Tuá»‡ Hy,
1979480969,nhatpham0384,Nháº­t Pháº¡m,
6010065571,instaminaa,Nasrin KassabğŸ•Œ,
764671658,uchihaitachi95,_Uchiha LaLa_,
2146950421,ruby666_4d,Ruby Hoang,
1869929601,Latalan,| UB Holder,Dookki
6076483619,,,
940321700,VIS_DucNT,Äá»©c,Nguyá»…n Trá»ng
5005186158,Anhquan2020,Baby,Pug
6091792062,,,
6023671111,,,
1968751247,blazer59,HoÃ ng Gia,
6042553839,,,
439627784,mina10u,Holder há»‡ kháº¥n,
5703650920,daihai1995,Dai,Hai
1354675345,hanna99k,Hanna ğŸ€ğŸŒ,
1158927190,ut_123456789,Ãšt,
1338432287,,Hai,Nguyen
1289314352,phongsali,phonq,nq
1942022805,hoangthai96,hoangthai.eth,
5737898548,,Aminra,Shanla
1869464891,orukk,ï¼©ï¼«ï¼¡ï¼­ï¼¯,
1332287354,keyden999,Keyden,Keyden
5474877414,Ibtisam162,Ibtisam,
1656743657,Phiphi27788,Phi,Phi
2043599559,luxuryy999,A,Diamond
2147198913,OneHit38,KINGENGINE | GGWP CLAN #38 ğŸš€ğŸŒ™,
1141335737,MangAgus10,Mang Agus #10 | $SKUY FAMSğŸ¥¦,
762570267,Bi1129,BB ğŸª | GGWP CLAN #49 ğŸš€ğŸŒ™,
1644773458,izzyggwp,ğˆğ³ğ³ğ² | GGWP CLAN #20 ğŸš€ğŸŒ™,
1119787618,etrama27,Età«¨Î±mÎ± | GGWP CLAN #27,
5913816821,Rosesaanvi,aditi,
5727153808,Shamaratv,shammara,Hassan
6286392259,,,
5914372188,Hekkkyfc,Thu,Hanh
6162897154,,,
5625842991,,Hajar,Shaaban
1637392933,trieunguyen20,Triieu Nguyen,
1929355647,,sá»©c Máº¡nh,TÃ¢m Linh
6013351580,,,
2024387053,Hoang8999,HoÃ ng,
1452756825,Quy_NCA97,Táº¥t,QuÃ½
5827167645,,Bearlin,Kapil
6029920874,Aishanat1995,Aisha zi,
1086090421,tatuan1,Tuáº¥n,Anh
5280800221,VanLien95,ethz.pow,
1612520983,WalterWind,ğŸ€Walter,
2096302897,Sthanga2,Win,
1789505960,shajvn,SÆ¡n,Háº£i
1045773655,hotrung,Ho,Trung
1138721171,jtaddsskk,ThÃ nh Äáº¡t,
1266934970,HoangKai,HoÃ ng,
827447864,Huynhkieu,Huynhkieu,
5024677612,AirDropBungBu,ç¥–ç¥– â€¦ |Never DM First,
478876732,meotwoisREAL,Meo,Two
5366846369,,Nguyen,Nhu
2140064690,Richarsons,Lyn Mie,
755249776,Tiny205,Tiny,
484141418,vuca311,vuca311,
2124249001,,Trung,
1415417438,PabloEscobarTT,Pablo Escobar,
1230956050,tainguyenducna,TaiSmile,
1811377007,Haunguyen8,Hau,Nguyen
1725768827,hoanhuynh11,Huynh,Huynh
1797831205,nglebaohan,NL,BH
6123955302,Canhwindyclone,Windy MÃ¨o MÃ¡y,I Doraemon Ã‚m 500
5704724889,CorleoneNguyen27,Corleone,Nguyen
1294620299,talktoyou9x,Äu Ä‘á»‰nh,ChiÃªn gia
1302798924,Lananh0812,Lan,Anh
1369770167,tieuda,TÃ¹ng PhÃ¹ng,
1109336637,,Nguyá»…n,TÃ¢n
766455820,CuongMT,ê§à¼’Thanh,CÆ°á»ngà¼’ê§‚
5238750806,,Tnt,United
1798129459,VTun10,Tháº¿,Vinh (PY-G1)
2130584776,Nuynnh45,Nuyn,
1016592347,tienle16,Tiáº¿n LÃª|Azcoinvest,
1554349593,sophie01013,Sophie ğŸ€,
1049646230,sugar942,Hoondea,
762843357,thanhhvu,Vux,
1949211936,minnmeoww,Uyen,Nguyen
1287849028,canhwindy,Äá»— Äá»©c,Cáº£nh
1068406601,maigiap,Long Ä‘á»‰nh,Short Ä‘Ã¡y
1666226749,MarkusWithLove1,Markuss Nguyen,
1986447016,dokiet,Äá»—,Kiá»‡t
1624075584,Khongcobietgihec,ThÆ° Æ¡i,
2122405596,chrisphm,chrisphm,
742960234,BaguaOven,WhiteHand.eth,
5589479241,,Wolf,Man
5713741338,,Amina,Ahmed
1680659560,Liammon,Trung dinh,
5279011294,daisy103,Anna,
1014114992,LowKey2001,KhÃ¡,
5754512861,,zada,
6299804642,,,
1154212153,BullWater25678_MEXC,Bevis | MEXC ğŸ‡»ğŸ‡³,
1961126471,volkovmihak,B,
5691557543,,,
5834512747,,Dan,
5989201784,,austin,
5794523732,,Philip Mark,
1185616874,thanhtang002,Phan,Duy
5276996323,,,
5405727727,ngocgiau312,ngá»c,giÃ u
1744390179,nguyenhuy289,Nguyá»…n,Huy
6025290172,,Koh,Add
6236385667,,NXH,2801
6257557343,,,
1703715711,Tructran118,TrÃºc Tráº§n â™€ï¸,
1523396051,dungdua,Nguyá»…n,DÅ©ng
2047774528,ethan0015,Ramen,
1211948536,namho612,Nam Ho,
6277822073,,Luong1,
1836360643,tienho1,Tienho,
6202319700,xionGShann,âšš ğ•Šğ•™ğ•’ğ•Ÿ à¥‚à¥‚à¥‚à¥‚à¥‚à¥‚à¥‚à¥‚à¥‚à¥‚à¥‚à¥‚à¥‚à¥‚à¥‚ à¥‚à¥‚à¥‚à¥‚à¥‚à¥‚à¥‚à¥‚à¥‚à¥‚à¥‚à¥‚à¥‚,
5741291078,Erwiin_Rommel,ğ“”ğ“»ğ”€ğ“²ğ“· ğ“¡ğ“¸ğ“¶ğ“¶ğ“®ğ“µ âœ ,
850463353,tinhlv,TÃ¬nh,LÃª VÄƒn
1378282490,ngoctuan2110,Bobby Tráº§nğŸŒ»,
6033991124,,Aya Habib,
5917005416,,Yasmin shula,Lah
1442940936,hoangminhthanh1,TiGer,ğŸ†
6039424538,Aisha44o,Aisha,
1203967660,,Ken,Silva
5802277574,onepiece22arb,Onepiece,
5960080404,,Aayat,
5932997955,,Michel Gounelle,
455879253,HuyNguyen211,Trong,Huy
6135115649,,,
2016880143,,,
6252105844,,,
1275503277,BKAVPro,ğŸ’ğŸ’ Ozerol - Digifinex Ventures ğŸŒ¼ğŸŒ¼,
1253179355,fiooif995,ğŸ­ğŸ­ Donut Cake ğŸ©ğŸ©,
1363089598,Nguyenhoai111,Hoai,Nguyen
1996993125,lanhung,NhungLanS*,
1904891734,Minasejav,Dr,Khanh
1396228886,baochancrypto,BaoChan,
5894449144,,,
1655210693,Rongauthentic,Rá»“ng,Äáº¹p Trai
1447357293,Ginzjr,Ginz | Findgem Â®,
1479560073,namarchie,HoÃ ng Nam,
5626413438,YuHui4499,Yu Hui,
5909158274,,,
827169531,thphap,Gintoki,
1975760725,nqtades,Anh,Nguyá»…n
5220862592,phamhg0304,Pham,Nguyen
5491725778,,,
5331839979,Saitama43VN,TÃ¡,Tráº§n7979
1988522315,hanamichj,Hanamichi,
5148783675,thanhng58,Thanhng,
5949531275,,,
1203119639,hungdoan0101,ÄoÃ n,HÆ°ng
1848548393,Tenzo_019,TÎNZO,
1431760714,oxvi3h,vi3h,
1208177877,hungha94,HÃ ,HÃ¹ng
1937594266,garouopm98,Garou,| Gems Fighter
5043159721,JustinTrannn,Trans,
5053374124,,,
5363166513,Johnnyle14044,Johnnyle.ust,
5838091862,,,
5733362736,,,
229951636,toannguyenxtn,ToÃ n - BVB,
5643435244,GabrielMiller7318,è©¹,æ˜Ÿé©°
5701675605,,,
5490109322,Satoshinice,Khuongnice,
1895044115,NganThanh83,NgÃ¢n,Thanh
5500226130,cassierichiefx,Cassie,Richie
5583047895,FuzzyWuzzyBear,Zoe Anderson,
5500544546,,HwsubkP,
1276485315,vanmanhnguyen,Strong,Man
1853214150,evelylyn,Evelyn,
2118617269,binsony,Oldmensuper,
5825076754,,Xuan,Quang
5166508167,nosleepinggg,Ay zo,
1707435027,haminhduy196,Minh Duy,Ha
5905286309,,,
1827550133,Vanztu,vanztu,
1755353445,Trung347,Trung,Nguyen
1932696967,thienbao2022,ThiÃªn Báº£o,
1890082953,mattw210,Tháº¡ch,Biá»‡n
5880810965,,,
5429015360,Lunjaawragh56,Lunja,Awragh
1202033960,Lucabnb68,Luca.ord | Support Listing CEX,
5323172244,,,
5235901396,,Boy,Lucky
1779078876,,,
1327296183,luna402,ğŸ‡»ğŸ‡³,Luna
1756364244,masonx2000,Mason,
5328213182,Freemoneyword,Amin,
1721268556,tunghoang03,TÃ¹ng,HoÃ ng
5800268389,GPT4Chat_bot,OpenAI BOT,
774180745,nx1n1,Nannn,nXn
1570503597,chipchipvn,Zoro Ngo | MMO |,
2029501474,phucpiti,Phuc,Piti
1119901109,mairyu,Mai,Ryu
5185179976,,ÄÃ o,Thá»‹nh
1626236728,elon6996,Elon ï¸,
426915689,parukia,Parukia,
631660268,macbookpro69,Macbookpro,
1132051760,KimCuonglc,Mr,C
5222614533,lovleymaria,Maria,
5513494215,Faranasisilia2,Farana,Sisilia
1830948943,kingbee97,Daisy Wood,
5718092011,,Valentin Lambert,
1607820417,KissesForYouuuu,Diá»‡p PhÆ°Æ¡ng,
5446054723,BunnyBoo33,Addison Martin,
1343738356,DreamGirlCN,Scarlett Taylor,
1887223804,playboybunny1,Caleb Mitchell,
1641289324,sugarlips99,HÆ°ng VÄ©nh,
1511568204,golddigger8,BÃ© LÃ©p,
1513381169,DreamyDiva,NhÃ£ Chu,
1871842844,PeachyCreamIce,Katherine Clarke,
1789817414,zhaoxin98,Zhao,Xin
1658081176,sevirxei,Se,Rvice
1844201312,mh470u,MH,470
1823048214,bossladyAU,Evie Lee,
1821156094,BabyDollyK3,Pamela Harris,
1844007992,MelissaWard,CottonTails,
1194889153,SarahLee203,Dream Catcher,
1731610632,NicoleTurnerA,Girl Next Door,
1623889729,soncoba,ğŸ§„ CÆ°á»ng ğŸ§„,
1705584403,JeffreyGreenn,Sugar And Spice,
1726561877,LindaShaw,Sweetie Pie,
1342948755,ilovePon,DÅ©ng trá»c,HÃ  TÃ¢y
1768302964,BarbaraBellUK,SugarLipsğŸ’”,
1759189767,HieuBa,Honeybunches,
1714260836,vietkhuong,Blessed Beyond Measure,
1255913490,ChloeWhiteCA,Pretty Littlething,
1634560600,ZoeBoucher,Cutie Patootie,
1685346481,MiaVuka,Dollface,
1574074832,Athena0644,Lá»‡ Giang,
5754560681,,NFT Airdrop,Check BIO
603550788,Trangbeo1998,Äinh trang,Th@0 (BÃ©o)
5676932290,Fruitgate,xÃ¢y nhÃ  hoáº·c bÃ¡n Ä‘áº¥t,
5262515687,hello123456874,jonny,
5162478274,Nguyenson5788,Thu HoÃ i,
5139202477,LongLongDE,LongLongDE,
5923109686,Ahmedvaldoinos123,Ahmed Valdoinos,
5092385973,manesty_here,Manesty,
1586114143,cutiepeanut,Meow,
5340030807,Kelvin882,Kelvin,Hasan
1834687781,uyenle0111,Uyen Uyen | 69 Ventures,
1655579033,moonbiii,Moon,B
1933993868,baoquang888,TQB-,TiLuoi
1177999956,Quyendang9x,Quyá»n,Äáº·ng
341661323,Tommylion,Tommy,
5652064008,LailaAaliyah56,Leila,Aaliyah
1882150343,thuocno,VIP | SapphireCallâ€™s,
5303841834,,,
5338255268,cheffivestar,Chef ğŸ¾,
5134577335,thchagn,HÃ  Trang ãŠ—ï¸,
5910191238,Fatimazahraboughi,fz.boughi,
5221943656,samualz,NgÆ°á»i chÆ¡i há»‡,$DATA
1330529531,giangs2,HoÃ ng,Giang
949916632,basilla,Basilla,UB - OTC - BMG
430676432,Jason1906195,Jason,
434294669,hieuton,hieuton,
1371555692,Davidtrn76,David,vfh
1858647249,Hnd1710,H-Ä,
1178587264,tam_nhi,TÃ¢m Nhi,
1720540281,AnNguyen105,Nguyen,
2127923895,it5tata,TRAN,Hoang
1436681911,duy_nhat,Tu,Nguyen
1360747391,,Viet,Bq
1842732190,minmummi,Nguyá»…n,VÃ¢n
1766440975,TienBui,Bui,Tien
2051287628,,Tran,Toan
1331947202,vanminhx9,MrD,
1140758522,Hoangdinh126,HoÃ ng,
1281600074,Giang0308,ë°©ì¥(Bang Giang),
2142823563,duymongnguyen,Nguyen,Duy Mong
5658539791,THPH235149,THPH,
5458567665,Onething1411,Pucca,
5098657267,Nokia238,H,GU
763704807,Kioki8368,Kio,
1782031362,mrjackpro,Mr Jack â„¢,
1142253313,onlyjewel,ğ•µğ•°á¿³ğ–Šğ–‘ ||,Don't Fud
2037949635,namdayne,Rodrigo,Jame
2111798832,Amynguyen21,Amy Nguyen,
1822897059,lernguyen96,ChÆ°Æ¡ng Nguyá»…n,
5459914635,LuciferSinNN,LuciferSin,
5012839293,dustin2023,Dustin,
1483492505,cacoin18,ca coin,
1528442884,tambu2312,TÃ¢m,Buu
5084320914,hungtrinhdj,Hung Trinh,
1804315759,dngt14,DÅ©ng,
520489947,MaiHoang11,Hoang,
5638200595,Rickephake,Ele | Shellz,
5391191288,,Rename,Äá»©c
5222803243,bat9999999,Mak Musk,
5345367246,KRahulo,Rahul,
1670562588,khiemnuuyen,Khiem (CC Long An),Nguyen
5268229384,CuTaoToo,Cz,
5470414234,phuc1202,PhÃºc,Tráº§n
1270925511,thanhdat1904,VÃµ,ThÃ nh Äáº¡t
1287068263,NNMSang,N,N
2023925224,PhucAzcoinvest,PhÃºc XÃ´ | AZCoinvest,
5027724158,sunn_ef,Sunn,
1241254190,pmh999,HÃ¹ng,Máº¡nh
5079191626,dhtHieu,Duong Hoang,Trong Hiu
1161993697,inuho,John ğŸ“Š,
1942009154,holdingmachine,Nguyen Tan,Phat
1819892873,king_fool,SÃ³ng Ä‘Ã¡nh tá»¥t quáº§n|Chuá»“nğŸƒ,
1756379156,calvintran,Calvin,
1070934923,Skeletonking69,Skeletonking,
813083704,jamebond99,Chiáº¿n,
2102216205,TamleMogul,Tam Le (ğŸŒ”",ğŸ¥ ),
5637837183,,,
699306272,natoi1235,NÃ£,Tuáº¥n
1629783506,nptuyen1082,NP,Tuyen
5300480814,muramasabird,Muramasa,
1455501611,trieutan,A,Da
1264922959,nnghia1502,Huynh Nghia,
5008937680,,,
1899112358,Yunmie2133,yunmie,
1514159948,,,
2020724411,htphat18,Tan Phat (David),
1890419423,duck_52hz,52 Blue | Duck Crypto,
2073987397,nguyenthinh12345,Thinh,Nguyá»…n
1659888763,,,
5094534251,maihien1958,maihien,
1850738347,ldpwalker,NFT,Alcoholic
5450034622,baobaso,Kyle,Yosh
1739254353,airdrop2617,9 Lá»¯ KhÃ¡ch,otcspace.io
2006355572,HTC154,Tháº§n,GiÃ³
5264987436,,Nguyá»…n,Quyáº¿t
5175243211,duong0510,Hoang,Duong
444029755,TradercoinVN,Rosyâ„¢Â®,CryptoHouse
806157361,minhluan123,CÃ²n,CÃ¡i Ná»‹t
393040283,SonVuong,Son,Vuong
555959178,TLK420,TLK420,
1385192802,Kksbkla,Nam,Ng
352356632,ngocpham90,Bay váº­t vá»,
975975225,,Thanh,Huy
1564517643,Gonggong9x,GONG,
915266569,datle247,Äáº¡t LV,
1628648448,hobeo8647,Phuong,Bui
874893926,bluezf,Bluez,F
1146679532,quocvuong69,HoÃ ng,VÆ°Æ¡ng
1219514098,TrNCoinF,TrN NiÃ£x GonzÃ¡lez CoentrÃ£o ğŸ‡¦ğŸ‡·ğŸ‡µğŸ‡¹,
1395911351,thanhhungtk,Thanh HÃ¹ng,
532038752,SatThuBMT,Nguyen,Tan Huy
1104719761,Boyka999boyka,ğŸœ BoykağŸœKaboyğŸ™,
5347292886,vnbcs,VN - BCS,
1250818057,duc_79,Ng,Äá»©c Anh - k22
1120432173,,Minh,ThÃ´ng
1410043278,Ivy_Ivy86,Ivy ğŸ€ Ivy,
1166449947,maycuatroicudegiomangdi,Sony Tráº§n,
535595316,PeppaHM,Peppa,HM
1562405279,khoinguyenq,KhÃ´i,Nguyen
1925457460,duynguyencfo,Duy,Nguyen
408192770,DAINGUYENKHAC,DAI,NUYEN KHAC
711020436,jacky20119,Jacky20119,
1141449275,JunnNguyen29,Jun,
5420002527,luongaz9,V,TA
1473386118,Vanheols,Cloudy ğŸ’š,
1406610698,,Hanh,Truong
719710935,bintony,Bin,
1563501864,huynhanhhao,Huynh Anh Hao,
943736807,HDuyen89,Huynh,Duyen
1678722449,tranminhkien,ğŸŒˆ Cáº§uVá»“ng,ğŸŒˆ
1397943778,Kaio1997,Benz -,LuckyBoy
1971731212,,VO,MINH
1027492783,thien02081996,xuÃ¢n thiÃªn,
1260950565,HuyNguyenLuong,Nguyen,Huy
856553185,minhtan1989,Minh,TÃ¢n
1804344058,potycn,Dat Nguyen,
5378951838,,Nguyá»…n,Duy
1914541613,phamlgphuc,â€¢,Phucs
1670632503,hienthupham9794,Hien,Pham
989396385,vinhphung,Vinh,PhÃ¹ng
